subject,config,seed,budget,bound,tests,events,genSeconds,targets,targetsCovered,partitions,systemIds,testsFailing,lineCovered,lineTotal,branchCovered,branchTotal,mutants,killed,survived,noCoverage,timedOut,mutationScore
sequences.Stack,enssp,1,30,,3,13,0.47,7,7,3,4,0,16,16,6,6,8,4,4,0,0,50.0
sequences.Stack,enssp,2,30,,3,16,0.5,7,7,3,4,0,16,16,6,6,8,4,4,0,0,50.0
sequences.Stack,enssp,3,30,,3,13,0.58,7,7,3,4,0,16,16,5,6,8,4,3,1,0,50.0
sequences.Stack,enssp,4,30,,3,25,0.44,7,7,3,4,0,16,16,6,6,8,4,4,0,0,50.0
sequences.Stack,enssp,5,30,,2,13,0.62,7,7,3,4,0,16,16,6,6,8,4,4,0,0,50.0
sequences.Stack,enssp-noreduce,1,30,,3,42,0.43,7,7,3,4,0,16,16,6,6,8,4,4,0,0,50.0
sequences.Stack,enssp-noreduce,2,30,,3,49,0.38,7,7,3,4,0,16,16,6,6,8,4,4,0,0,50.0
sequences.Stack,enssp-noreduce,3,30,,4,38,0.47,7,7,3,4,0,16,16,5,6,8,4,3,1,0,50.0
sequences.Stack,enssp-noreduce,4,30,,4,30,0.39,7,7,3,4,0,16,16,6,6,8,4,4,0,0,50.0
sequences.Stack,enssp-noreduce,5,30,,3,33,0.28,7,7,3,4,0,16,16,6,6,8,4,4,0,0,50.0
sequences.Stack,random,1,30,,2,24,0.4,7,7,3,4,0,16,16,6,6,8,4,4,0,0,50.0
sequences.Stack,random,2,30,,4,43,0.58,7,7,3,4,0,16,16,6,6,8,4,4,0,0,50.0
sequences.Stack,random,3,30,,3,39,0.3,7,7,3,4,0,16,16,5,6,8,4,3,1,0,50.0
sequences.Stack,random,4,30,,3,23,0.35,7,7,3,4,0,16,16,6,6,8,4,4,0,0,50.0
sequences.Stack,random,5,30,,2,26,0.34,7,7,3,4,0,16,16,6,6,8,4,4,0,0,50.0
sequences.Stack,ssp,1,30,,6,11,0.38,6,6,3,4,0,16,16,5,6,8,4,3,1,0,50.0
sequences.Stack,ssp,2,30,,6,11,0.31,6,6,3,4,0,16,16,5,6,8,4,3,1,0,50.0
sequences.Stack,ssp,3,30,,6,11,0.32,6,6,3,4,0,16,16,5,6,8,4,3,1,0,50.0
sequences.Stack,ssp,4,30,,6,11,0.32,6,6,3,4,0,16,16,5,6,8,4,3,1,0,50.0
sequences.Stack,ssp,5,30,,6,11,0.24,6,6,3,4,0,16,16,5,6,8,4,3,1,0,50.0
sequences.Stack,evosuite,1,30,,6,,6.6,,,,,0,16,16,6,6,8,4,4,0,0,50.0
sequences.Stack,evosuite,2,30,,6,,7.36,,,,,0,16,16,6,6,8,4,4,0,0,50.0
sequences.Stack,evosuite,3,30,,5,,6.64,,,,,0,16,16,6,6,8,4,4,0,0,50.0
sequences.Stack,evosuite,4,30,,6,,6.76,,,,,0,16,16,6,6,8,4,4,0,0,50.0
sequences.Stack,evosuite,5,30,,6,,5.88,,,,,0,16,16,6,6,8,4,4,0,0,50.0
sequences.BinTree,enssp,1,30,,13,180,0.55,59,58,10,10,0,51,51,34,34,24,21,3,0,0,87.5
sequences.BinTree,enssp,2,30,,14,193,0.66,56,56,10,10,0,51,51,33,34,24,21,3,0,0,87.5
sequences.BinTree,enssp,3,30,,12,181,0.63,59,59,10,10,0,51,51,34,34,24,21,3,0,0,87.5
sequences.BinTree,enssp,4,30,,14,180,0.71,55,55,10,10,0,51,51,34,34,24,21,3,0,0,87.5
sequences.BinTree,enssp,5,30,,14,159,0.97,54,54,10,10,0,51,51,34,34,24,21,3,0,0,87.5
sequences.BinTree,enssp-noreduce,1,30,,22,313,0.43,58,58,10,10,0,51,51,34,34,24,20,3,0,1,87.5
sequences.BinTree,enssp-noreduce,2,30,,24,346,0.62,56,56,10,10,0,51,51,34,34,24,21,3,0,0,87.5
sequences.BinTree,enssp-noreduce,3,30,,24,377,0.6,59,59,10,10,0,51,51,34,34,24,20,3,0,1,87.5
sequences.BinTree,enssp-noreduce,4,30,,34,472,0.75,55,55,10,10,0,51,51,34,34,24,20,3,0,1,87.5
sequences.BinTree,enssp-noreduce,5,30,,24,324,0.6,54,54,10,10,0,51,51,34,34,24,21,3,0,0,87.5
sequences.BinTree,random,1,30,,22,316,0.52,58,58,10,10,0,51,51,34,34,24,21,3,0,0,87.5
sequences.BinTree,random,2,30,,23,361,0.44,55,55,10,10,0,51,51,34,34,24,20,3,0,1,87.5
sequences.BinTree,random,3,30,,20,299,0.48,60,60,10,10,0,51,51,34,34,24,21,3,0,0,87.5
sequences.BinTree,random,4,30,,29,417,0.62,57,57,10,10,0,51,51,34,34,24,21,3,0,0,87.5
sequences.BinTree,random,5,30,,18,278,0.57,51,51,10,10,0,51,51,34,34,24,20,3,0,1,87.5
sequences.BinTree,ssp,1,30,,20,53,0.34,20,20,4,4,0,42,51,26,34,24,14,8,1,1,62.5
sequences.BinTree,ssp,2,30,,20,53,0.42,20,20,4,4,0,42,51,26,34,24,14,8,1,1,62.5
sequences.BinTree,ssp,3,30,,20,53,0.36,20,20,4,4,0,42,51,26,34,24,14,8,1,1,62.5
sequences.BinTree,ssp,4,30,,20,53,0.37,20,20,4,4,0,42,51,26,34,24,14,8,1,1,62.5
sequences.BinTree,ssp,5,30,,20,53,0.31,20,20,4,4,0,42,51,26,34,24,14,8,1,1,62.5
sequences.BinTree,evosuite,1,30,,8,,38.03,,,,,0,51,51,34,34,24,15,9,0,0,62.5
sequences.BinTree,evosuite,2,30,,8,,37.83,,,,,0,51,51,34,34,24,15,9,0,0,62.5
sequences.BinTree,evosuite,3,30,,8,,39.42,,,,,0,51,51,34,34,24,15,9,0,0,62.5
sequences.BinTree,evosuite,4,30,,8,,38.4,,,,,0,51,51,34,34,24,15,9,0,0,62.5
sequences.BinTree,evosuite,5,30,,8,,39.84,,,,,0,51,51,34,34,24,15,9,0,0,62.5
rbt.TreeMap,enssp,1,30,,68,863,2.8,227,227,28,78,0,233,289,120,198,196,81,58,54,3,42.86
rbt.TreeMap,enssp,2,30,,81,1229,2.68,301,301,35,87,0,238,289,128,198,196,83,57,53,3,43.88
rbt.TreeMap,enssp,3,30,,81,1092,8.37,285,285,35,87,0,238,289,127,198,196,85,56,52,3,44.9
rbt.TreeMap,enssp,4,30,,75,1142,2.73,288,288,35,87,0,235,289,125,198,196,83,57,53,3,43.88
rbt.TreeMap,enssp,5,30,,76,1108,4.84,306,306,35,87,0,237,289,127,198,196,83,58,53,2,43.37
rbt.TreeMap,enssp-noreduce,1,30,,116,1418,2.16,227,227,28,78,0,233,289,121,198,196,82,57,54,3,43.37
rbt.TreeMap,enssp-noreduce,2,30,,151,2133,3.27,301,301,35,87,0,238,289,128,198,196,83,57,53,3,43.88
rbt.TreeMap,enssp-noreduce,3,30,,135,1787,8.69,285,285,35,87,0,239,289,128,198,196,86,56,52,2,44.9
rbt.TreeMap,enssp-noreduce,4,30,,135,1977,2.82,288,288,35,87,0,240,289,129,198,196,87,56,52,1,44.9
rbt.TreeMap,enssp-noreduce,5,30,,156,2099,4.33,306,306,35,87,0,238,289,128,198,196,83,57,53,3,43.88
rbt.TreeMap,random,1,30,,115,1571,4.06,226,226,28,78,0,235,289,124,198,196,82,57,54,3,43.37
rbt.TreeMap,random,2,30,,141,2154,2.4,304,304,36,87,0,238,289,128,198,196,83,57,53,3,43.88
rbt.TreeMap,random,3,30,,127,1888,4.46,287,287,36,87,0,240,289,129,198,196,87,55,52,2,45.41
rbt.TreeMap,random,4,30,,126,1907,3.11,286,286,34,87,0,238,289,127,198,196,85,56,52,3,44.9
rbt.TreeMap,random,5,30,,133,1939,4.66,303,303,34,87,0,232,289,124,198,196,84,54,56,2,43.88
rbt.TreeMap,ssp,1,30,,225,753,2.28,225,225,28,78,0,202,289,104,198,196,75,45,73,3,39.8
rbt.TreeMap,ssp,2,30,,295,1076,2.82,295,295,35,85,0,200,289,105,198,196,76,44,73,3,40.31
rbt.TreeMap,ssp,3,30,,280,1005,1.27,280,280,35,86,0,219,289,114,198,196,81,47,65,3,42.86
rbt.TreeMap,ssp,4,30,,281,1004,1.92,281,281,34,85,0,214,289,113,198,196,81,44,68,3,42.86
rbt.TreeMap,ssp,5,30,,296,1055,2.16,296,296,34,86,0,216,289,113,198,196,81,46,66,3,42.86
rbt.TreeMap,evosuite,1,30,,51,,143.53,,,,,4,228,289,148,198,196,101,52,39,4,53.57
rbt.TreeMap,evosuite,2,30,,71,,172.38,,,,,2,227,289,147,198,196,84,72,38,2,43.88
rbt.TreeMap,evosuite,3,30,,52,,130.3,,,,,4,271,289,174,198,196,115,65,12,4,60.71
rbt.TreeMap,evosuite,4,30,,66,,154.23,,,,,4,247,289,156,198,196,140,24,28,4,73.47
rbt.TreeMap,evosuite,5,30,,55,,70.95,,,,,1,264,289,171,198,196,113,66,15,2,58.67
org.apache.commons.collections4.queue.CircularFifoQueue,enssp,1,30,,84,1292,4.79,188,188,75,167,0,100,124,53,66,81,63,6,8,4,82.72
org.apache.commons.collections4.queue.CircularFifoQueue,enssp,2,30,,80,1252,6.97,197,197,69,167,0,100,124,53,66,81,60,7,8,6,81.48
org.apache.commons.collections4.queue.CircularFifoQueue,enssp,3,30,,88,1344,5.36,195,195,67,167,0,100,124,53,66,81,62,7,8,4,81.48
org.apache.commons.collections4.queue.CircularFifoQueue,enssp,4,30,,85,1292,30.57,190,189,66,167,0,100,124,53,66,81,62,7,8,4,81.48
org.apache.commons.collections4.queue.CircularFifoQueue,enssp,5,30,,85,1336,30.38,218,217,75,167,0,100,124,53,66,81,63,6,8,4,82.72
org.apache.commons.collections4.queue.CircularFifoQueue,enssp-noreduce,1,30,,123,1936,6.16,188,188,75,167,0,100,124,53,66,81,63,6,8,4,82.72
org.apache.commons.collections4.queue.CircularFifoQueue,enssp-noreduce,2,30,,132,2151,9.16,197,197,69,167,0,100,124,53,66,81,62,6,8,5,82.72
org.apache.commons.collections4.queue.CircularFifoQueue,enssp-noreduce,3,30,,124,1971,5.63,195,195,67,167,0,100,124,53,66,81,61,7,8,5,81.48
org.apache.commons.collections4.queue.CircularFifoQueue,enssp-noreduce,4,30,,130,2040,30.28,190,189,66,167,0,100,124,53,66,81,61,7,8,5,81.48
org.apache.commons.collections4.queue.CircularFifoQueue,enssp-noreduce,5,30,,147,2399,30.24,218,217,75,167,0,100,124,53,66,81,63,6,8,4,82.72
org.apache.commons.collections4.queue.CircularFifoQueue,random,1,30,,151,2459,29.92,219,219,75,167,0,100,124,53,66,81,63,6,8,4,82.72
org.apache.commons.collections4.queue.CircularFifoQueue,random,2,30,,152,2493,30.26,214,213,71,167,0,100,124,53,66,81,65,6,8,2,82.72
org.apache.commons.collections4.queue.CircularFifoQueue,random,3,30,,147,2390,26.88,219,219,74,167,0,100,124,53,66,81,61,6,8,6,82.72
org.apache.commons.collections4.queue.CircularFifoQueue,random,4,30,,111,1783,13.43,186,186,75,167,0,100,124,53,66,81,62,6,8,5,82.72
org.apache.commons.collections4.queue.CircularFifoQueue,random,5,30,,140,2194,30.26,210,208,73,167,0,100,124,53,66,81,61,6,8,6,82.72
org.apache.commons.collections4.queue.CircularFifoQueue,ssp,1,30,,86,183,0.87,86,86,27,72,0,91,124,43,66,81,46,15,16,4,61.73
org.apache.commons.collections4.queue.CircularFifoQueue,ssp,2,30,,86,183,1.04,86,86,27,72,0,91,124,43,66,81,46,15,16,4,61.73
org.apache.commons.collections4.queue.CircularFifoQueue,ssp,3,30,,86,183,0.9,86,86,27,72,0,91,124,43,66,81,46,15,16,4,61.73
org.apache.commons.collections4.queue.CircularFifoQueue,ssp,4,30,,86,183,1.12,86,86,27,72,0,91,124,43,66,81,46,15,16,4,61.73
org.apache.commons.collections4.queue.CircularFifoQueue,ssp,5,30,,86,183,0.84,86,86,27,72,0,91,124,43,66,81,46,15,16,4,61.73
org.apache.commons.collections4.queue.CircularFifoQueue,evosuite,1,30,,33,,69.03,,,,,0,102,124,52,66,81,54,15,10,2,69.14
org.apache.commons.collections4.queue.CircularFifoQueue,evosuite,2,30,,36,,44.99,,,,,0,105,124,55,66,81,48,20,8,5,65.43
org.apache.commons.collections4.queue.CircularFifoQueue,evosuite,3,30,,36,,46.88,,,,,0,103,124,54,66,81,57,13,8,3,74.07
org.apache.commons.collections4.queue.CircularFifoQueue,evosuite,4,30,,36,,62.83,,,,,1,105,124,54,66,81,60,11,8,2,76.54
org.apache.commons.collections4.queue.CircularFifoQueue,evosuite,5,30,,34,,81.05,,,,,0,99,124,50,66,81,51,18,12,0,62.96
org.apache.commons.collections4.map.Flat3Map,enssp,1,30,,297,4077,17.47,657,657,113,4581,0,188,529,115,378,307,94,12,201,0,30.62
org.apache.commons.collections4.map.Flat3Map,enssp,2,30,,290,3959,14.97,705,705,112,5322,0,188,529,115,378,307,94,12,201,0,30.62
org.apache.commons.collections4.map.Flat3Map,enssp,3,30,,334,4497,23.13,728,728,111,4241,0,188,529,115,378,307,94,12,201,0,30.62
org.apache.commons.collections4.map.Flat3Map,enssp,4,30,,327,4466,30.4,721,720,115,4915,0,188,529,115,378,307,94,12,201,0,30.62
org.apache.commons.collections4.map.Flat3Map,enssp,5,30,,315,4317,14.5,671,671,121,6201,0,188,529,115,378,307,94,12,201,0,30.62
org.apache.commons.collections4.map.Flat3Map,enssp-noreduce,1,30,,476,6908,23.37,657,657,113,4581,0,188,529,115,378,307,94,12,201,0,30.62
org.apache.commons.collections4.map.Flat3Map,enssp-noreduce,2,30,,490,7102,18.03,705,705,112,5322,0,188,529,115,378,307,94,12,201,0,30.62
org.apache.commons.collections4.map.Flat3Map,enssp-noreduce,3,30,,528,7171,25.69,728,728,111,4241,0,188,529,115,378,307,94,12,201,0,30.62
org.apache.commons.collections4.map.Flat3Map,enssp-noreduce,4,30,,529,7509,30.3,721,720,115,4922,0,188,529,115,378,307,94,12,201,0,30.62
org.apache.commons.collections4.map.Flat3Map,enssp-noreduce,5,30,,488,6884,17.82,671,671,121,6201,0,188,529,115,378,307,94,12,201,0,30.62
org.apache.commons.collections4.map.Flat3Map,random,1,30,,472,6760,9.42,657,657,113,4370,0,188,529,115,378,307,94,12,201,0,30.62
org.apache.commons.collections4.map.Flat3Map,random,2,30,,490,6886,3.55,707,707,112,4452,0,188,529,115,378,307,94,12,201,0,30.62
org.apache.commons.collections4.map.Flat3Map,random,3,30,,496,7317,7.74,728,728,111,3549,0,188,529,115,378,307,94,12,201,0,30.62
org.apache.commons.collections4.map.Flat3Map,random,4,30,,507,7382,8.83,721,721,115,4653,0,188,529,115,378,307,94,12,201,0,30.62
org.apache.commons.collections4.map.Flat3Map,random,5,30,,478,6833,5.27,671,671,121,6006,0,188,529,115,378,307,94,12,201,0,30.62
org.apache.commons.collections4.map.Flat3Map,ssp,1,30,,648,1774,1.9,648,648,113,1653,0,123,529,77,378,307,62,9,236,0,20.2
org.apache.commons.collections4.map.Flat3Map,ssp,2,30,,699,1923,1.02,699,699,112,1759,0,123,529,77,378,307,62,9,236,0,20.2
org.apache.commons.collections4.map.Flat3Map,ssp,3,30,,725,2001,2.28,725,725,111,1618,0,123,529,77,378,307,62,9,236,0,20.2
org.apache.commons.collections4.map.Flat3Map,ssp,4,30,,713,1956,2.02,713,713,115,1771,0,123,529,77,378,307,62,9,236,0,20.2
org.apache.commons.collections4.map.Flat3Map,ssp,5,30,,663,1806,1.66,663,663,121,1964,0,123,529,77,378,307,62,9,236,0,20.2
org.apache.commons.collections4.map.Flat3Map,evosuite,1,30,,105,,63.95,,,,,9,346,529,212,378,307,148,48,111,0,48.21
org.apache.commons.collections4.map.Flat3Map,evosuite,2,30,,119,,68.14,,,,,22,369,529,225,378,307,145,55,107,0,47.23
org.apache.commons.collections4.map.Flat3Map,evosuite,3,30,,101,,63.19,,,,,15,270,529,162,378,307,118,39,150,0,38.44
org.apache.commons.collections4.map.Flat3Map,evosuite,4,30,,112,,73.51,,,,,5,345,529,227,378,307,156,55,96,0,50.81
org.apache.commons.collections4.map.Flat3Map,evosuite,5,30,,100,,55.56,,,,,3,361,529,223,378,307,131,76,100,0,42.67
org.apache.commons.collections4.map.LRUMap,enssp,1,30,,275,3766,30.49,579,565,66,3401,0,75,104,26,40,49,35,3,11,0,71.43
org.apache.commons.collections4.map.LRUMap,enssp,2,30,,303,4221,30.77,638,629,66,3271,0,70,104,21,40,49,31,3,15,0,63.27
org.apache.commons.collections4.map.LRUMap,enssp,3,30,,265,3703,30.84,565,547,66,2927,0,70,104,21,40,49,31,3,15,0,63.27
org.apache.commons.collections4.map.LRUMap,enssp,4,30,,267,3711,30.74,595,559,66,3125,0,70,104,21,40,49,30,4,15,0,61.22
org.apache.commons.collections4.map.LRUMap,enssp,5,30,,119,1605,30.35,264,258,37,4216,0,75,104,26,40,49,34,4,11,0,69.39
org.apache.commons.collections4.map.LRUMap,enssp-noreduce,1,30,,406,5897,30.52,579,568,66,3418,0,75,104,26,40,49,35,3,11,0,71.43
org.apache.commons.collections4.map.LRUMap,enssp-noreduce,2,30,,439,6313,30.33,638,629,66,3263,0,75,104,26,40,49,35,3,11,0,71.43
org.apache.commons.collections4.map.LRUMap,enssp-noreduce,3,30,,396,5718,30.5,565,546,66,2897,0,75,104,26,40,49,35,3,11,0,71.43
org.apache.commons.collections4.map.LRUMap,enssp-noreduce,4,30,,389,5578,30.5,596,563,66,3136,0,73,104,24,40,49,33,3,12,1,69.39
org.apache.commons.collections4.map.LRUMap,enssp-noreduce,5,30,,185,2557,30.36,264,258,37,4206,0,75,104,26,40,49,34,3,11,1,71.43
org.apache.commons.collections4.map.LRUMap,random,1,30,,416,5897,30.94,580,579,66,3327,0,75,104,26,40,49,34,4,11,0,69.39
org.apache.commons.collections4.map.LRUMap,random,2,30,,439,6237,26.32,640,640,66,3105,0,75,104,26,40,49,35,3,11,0,71.43
org.apache.commons.collections4.map.LRUMap,random,3,30,,407,5747,30.49,567,564,66,2902,0,75,104,26,40,49,35,3,11,0,71.43
org.apache.commons.collections4.map.LRUMap,random,4,30,,405,5677,30.72,596,585,66,2759,0,73,104,24,40,49,34,3,12,0,69.39
org.apache.commons.collections4.map.LRUMap,random,5,30,,179,2526,30.59,264,263,37,3744,0,75,104,26,40,49,35,3,11,0,71.43
org.apache.commons.collections4.map.LRUMap,ssp,1,30,,565,1552,6.15,565,565,66,734,0,43,104,13,40,49,21,1,27,0,42.86
org.apache.commons.collections4.map.LRUMap,ssp,2,30,,619,1708,5.88,619,619,66,668,0,43,104,13,40,49,21,1,27,0,42.86
org.apache.commons.collections4.map.LRUMap,ssp,3,30,,552,1515,2.63,552,552,66,678,0,43,104,13,40,49,21,1,27,0,42.86
org.apache.commons.collections4.map.LRUMap,ssp,4,30,,579,1594,3.34,579,579,66,668,0,43,104,13,40,49,21,1,27,0,42.86
org.apache.commons.collections4.map.LRUMap,ssp,5,30,,256,629,2.59,256,256,37,772,0,43,104,13,40,49,21,1,27,0,42.86
org.apache.commons.collections4.map.LRUMap,evosuite,1,30,,26,,42.89,,,,,0,41,104,10,40,49,19,2,28,0,38.78
org.apache.commons.collections4.map.LRUMap,evosuite,2,30,,27,,40.61,,,,,0,47,104,13,40,49,18,6,25,0,36.73
org.apache.commons.collections4.map.LRUMap,evosuite,3,30,,38,,57.56,,,,,3,84,104,26,40,49,23,16,10,0,46.94
org.apache.commons.collections4.map.LRUMap,evosuite,4,30,,36,,47.1,,,,,1,57,104,14,40,49,20,5,24,0,40.82
org.apache.commons.collections4.map.LRUMap,evosuite,5,30,,36,,52.83,,,,,3,70,104,20,40,49,24,11,14,0,48.98
org.apache.commons.collections4.list.TreeList,enssp,1,30,,115,1607,5.49,304,304,111,156,0,241,373,123,188,294,162,46,86,0,55.1
org.apache.commons.collections4.list.TreeList,enssp,2,30,,141,1920,5.18,357,357,125,156,0,241,373,122,188,294,162,46,86,0,55.1
org.apache.commons.collections4.list.TreeList,enssp,3,30,,116,1563,4.11,311,311,113,156,0,242,373,123,188,294,165,44,85,0,56.12
org.apache.commons.collections4.list.TreeList,enssp,4,30,,149,2012,6.01,354,354,122,156,0,241,373,123,188,294,165,43,86,0,56.12
org.apache.commons.collections4.list.TreeList,enssp,5,30,,115,1623,4.82,292,292,109,156,0,236,373,121,188,294,160,42,92,0,54.42
org.apache.commons.collections4.list.TreeList,enssp-noreduce,1,30,,188,2721,4.45,304,304,111,156,0,241,373,123,188,294,165,43,86,0,56.12
org.apache.commons.collections4.list.TreeList,enssp-noreduce,2,30,,235,3265,4.75,357,357,125,156,0,241,373,123,188,294,163,45,86,0,55.44
org.apache.commons.collections4.list.TreeList,enssp-noreduce,3,30,,202,2820,3.99,311,311,113,156,0,242,373,124,188,294,168,41,85,0,57.14
org.apache.commons.collections4.list.TreeList,enssp-noreduce,4,30,,236,3161,5.7,354,354,122,156,0,241,373,123,188,294,166,42,86,0,56.46
org.apache.commons.collections4.list.TreeList,enssp-noreduce,5,30,,173,2483,4.5,292,292,109,156,0,236,373,121,188,294,163,39,92,0,55.44
org.apache.commons.collections4.list.TreeList,random,1,30,,178,2756,12.21,305,305,111,156,0,241,373,124,188,294,165,43,86,0,56.12
org.apache.commons.collections4.list.TreeList,random,2,30,,218,3388,8.81,357,357,125,156,0,241,373,124,188,294,166,42,86,0,56.46
org.apache.commons.collections4.list.TreeList,random,3,30,,178,2747,6.72,311,311,113,156,0,241,373,123,188,294,168,40,86,0,57.14
org.apache.commons.collections4.list.TreeList,random,4,30,,218,3384,6.65,354,354,122,156,0,241,373,123,188,294,167,41,86,0,56.8
org.apache.commons.collections4.list.TreeList,random,5,30,,176,2610,5.21,292,292,109,156,0,241,373,122,188,294,168,40,86,0,57.14
org.apache.commons.collections4.list.TreeList,ssp,1,30,,288,1046,4.7,288,288,111,156,0,201,373,93,188,294,126,44,124,0,42.86
org.apache.commons.collections4.list.TreeList,ssp,2,30,,342,1286,3.6,342,342,125,156,0,201,373,93,188,294,126,44,124,0,42.86
org.apache.commons.collections4.list.TreeList,ssp,3,30,,295,1082,4.77,295,295,113,156,0,200,373,92,188,294,123,46,125,0,41.84
org.apache.commons.collections4.list.TreeList,ssp,4,30,,339,1280,4.09,339,339,122,156,0,201,373,93,188,294,126,44,124,0,42.86
org.apache.commons.collections4.list.TreeList,ssp,5,30,,277,993,3.14,277,277,109,156,0,200,373,92,188,294,124,45,125,0,42.18
org.apache.commons.collections4.list.TreeList,evosuite,1,30,,52,,82.43,,,,,0,327,373,156,188,294,171,97,26,0,58.16
org.apache.commons.collections4.list.TreeList,evosuite,2,30,,47,,119.28,,,,,0,317,373,144,188,294,157,96,41,0,53.4
org.apache.commons.collections4.list.TreeList,evosuite,3,30,,59,,110.26,,,,,0,344,373,164,188,294,170,108,16,0,57.82
org.apache.commons.collections4.list.TreeList,evosuite,4,30,,61,,92.24,,,,,0,347,373,169,188,294,179,107,8,0,60.88
org.apache.commons.collections4.list.TreeList,evosuite,5,30,,51,,93.25,,,,,0,290,373,134,188,294,134,100,60,0,45.58
