subject,config,runs,tests,events,genSeconds,line,branch,mutants,mutationScore,A12_MS_enssp_vs_this,A12_tests_enssp_vs_this
Stack,enssp,5,3.0,13.0,0.5,100.0,100.0,8.0,50.0,,
Stack,enssp-noreduce,5,3.0,38.0,0.39,100.0,100.0,8.0,50.0,0.5,0.24
Stack,random,5,3.0,26.0,0.35,100.0,100.0,8.0,50.0,0.5,0.52
Stack,ssp,5,6.0,11.0,0.32,100.0,83.33,8.0,50.0,0.5,0.0
Stack,evosuite,5,6.0,,6.64,100.0,100.0,8.0,50.0,0.5,0.0
BinTree,enssp,5,14.0,180.0,0.66,100.0,100.0,24.0,87.5,,
BinTree,enssp-noreduce,5,24.0,346.0,0.6,100.0,100.0,24.0,87.5,0.5,0.0
BinTree,random,5,22.0,316.0,0.52,100.0,100.0,24.0,87.5,0.5,0.0
BinTree,ssp,5,20.0,53.0,0.36,82.35,76.47,24.0,62.5,1.0,0.0
BinTree,evosuite,5,8.0,,38.4,100.0,100.0,24.0,62.5,1.0,1.0
TreeMap,enssp,5,76.0,1108.0,2.8,82.01,64.14,196.0,43.88,,
TreeMap,enssp-noreduce,5,135.0,1977.0,3.27,82.35,64.65,196.0,43.88,0.34,0.0
TreeMap,random,5,127.0,1907.0,4.06,82.35,64.14,196.0,43.88,0.32,0.0
TreeMap,ssp,5,281.0,1005.0,2.16,74.05,57.07,196.0,42.86,0.94,0.0
TreeMap,evosuite,5,55.0,,143.53,85.47,78.79,196.0,58.67,0.08,0.96
CircularFifoQueue,enssp,5,85.0,1292.0,6.97,80.65,80.3,81.0,81.48,,
CircularFifoQueue,enssp-noreduce,5,130.0,2040.0,9.16,80.65,80.3,81.0,82.72,0.4,0.0
CircularFifoQueue,random,5,147.0,2390.0,29.92,80.65,80.3,81.0,82.72,0.2,0.0
CircularFifoQueue,ssp,5,86.0,183.0,0.9,73.39,65.15,81.0,61.73,1.0,0.2
CircularFifoQueue,evosuite,5,36.0,,62.83,83.06,81.82,81.0,69.14,1.0,1.0
Flat3Map,enssp,5,315.0,4317.0,17.47,35.54,30.42,307.0,30.62,,
Flat3Map,enssp-noreduce,5,490.0,7102.0,23.37,35.54,30.42,307.0,30.62,0.5,0.0
Flat3Map,random,5,490.0,6886.0,7.74,35.54,30.42,307.0,30.62,0.5,0.0
Flat3Map,ssp,5,699.0,1923.0,1.9,23.25,20.37,307.0,20.2,1.0,0.0
Flat3Map,evosuite,5,105.0,,63.95,65.41,58.99,307.0,47.23,0.0,1.0
LRUMap,enssp,5,267.0,3711.0,30.74,67.31,52.5,49.0,63.27,,
LRUMap,enssp-noreduce,5,396.0,5718.0,30.5,72.12,65.0,49.0,71.43,0.14,0.16
LRUMap,random,5,407.0,5747.0,30.59,72.12,65.0,49.0,71.43,0.18,0.16
LRUMap,ssp,5,565.0,1552.0,3.34,41.35,32.5,49.0,42.86,1.0,0.16
LRUMap,evosuite,5,36.0,,47.1,54.81,35.0,49.0,40.82,1.0,1.0
TreeList,enssp,5,116.0,1623.0,5.18,64.61,65.43,294.0,55.1,,
TreeList,enssp-noreduce,5,202.0,2820.0,4.5,64.61,65.43,294.0,56.12,0.2,0.0
TreeList,random,5,178.0,2756.0,6.72,64.61,65.43,294.0,56.8,0.04,0.0
TreeList,ssp,5,295.0,1082.0,4.09,53.89,49.47,294.0,42.86,1.0,0.0
TreeList,evosuite,5,52.0,,93.25,87.67,82.98,294.0,57.82,0.4,1.0
